{"cameraMode":{"drawMode":0,"name":"Shaded","section":"Shading Mode"},"sceneLighting":true,"audioPlay":false,"sceneViewState":{"showFog":true,"showMaterialUpdate":false,"showSkybox":true,"showFlares":true,"showImageEffects":true,"showParticleSystems":true},"in2DMode":false,"pivot":{"x":-0.6048460006713867,"y":-3.148649215698242,"z":5.08457088470459},"rotation":{"x":-0.2900165319442749,"y":0.13493265211582185,"z":-0.041341423988342288,"w":-0.9465570449829102},"size":10.0,"orthographic":false}